{"cameraMode":{"drawMode":0,"name":"Shaded","section":"Shading Mode"},"sceneLighting":false,"audioPlay":false,"sceneViewState":{"m_AlwaysRefresh":false,"showFog":true,"showSkybox":false,"showFlares":true,"showImageEffects":true,"showParticleSystems":true,"showVisualEffectGraphs":true,"m_FxEnabled":true},"in2DMode":false,"pivot":{"x":0.5190798044204712,"y":2.0097334384918215,"z":3.4041128158569338},"rotation":{"x":0.04891221970319748,"y":-0.9073861241340637,"z":0.11023977398872376,"w":0.4026181101799011},"size":0.22961284220218659,"orthographic":false}