{"cameraMode":{"drawMode":0,"name":"Shaded","section":"Shading Mode"},"sceneLighting":false,"audioPlay":false,"sceneViewState":{"m_AlwaysRefresh":false,"showFog":true,"showSkybox":false,"showFlares":true,"showImageEffects":true,"showParticleSystems":true,"showVisualEffectGraphs":true,"m_FxEnabled":true},"in2DMode":false,"pivot":{"x":-0.000409737229347229,"y":0.006767153739929199,"z":0.0016430523246526719},"rotation":{"x":-0.006322096101939678,"y":0.988181471824646,"z":-0.04241757467389107,"w":-0.1472153216600418},"size":0.09063228219747544,"orthographic":false}