{"cameraMode":{"drawMode":0,"name":"Shaded","section":"Shading Mode"},"sceneLighting":false,"audioPlay":false,"sceneViewState":{"m_AlwaysRefresh":false,"showFog":true,"showSkybox":false,"showFlares":true,"showImageEffects":true,"showParticleSystems":true,"showVisualEffectGraphs":true,"m_FxEnabled":true},"in2DMode":false,"pivot":{"x":0.0010052099823951722,"y":-0.0026818104088306429,"z":-0.0003797002136707306},"rotation":{"x":0.12789517641067506,"y":-0.5674511194229126,"z":0.08977138996124268,"w":0.8084495663642883},"size":0.0857049971818924,"orthographic":true}