{"cameraMode":{"drawMode":0,"name":"Shaded","section":"Shading Mode"},"sceneLighting":true,"audioPlay":false,"sceneViewState":{"m_AlwaysRefresh":false,"showFog":true,"showSkybox":true,"showFlares":true,"showImageEffects":true,"showParticleSystems":true,"showVisualEffectGraphs":true,"m_FxEnabled":true},"in2DMode":false,"pivot":{"x":-1.2715871334075928,"y":2.9046883583068849,"z":4.353273391723633},"rotation":{"x":0.42845553159713747,"y":0.04604845121502876,"z":-0.021869542077183725,"w":0.9021281599998474},"size":0.9446190595626831,"orthographic":true}