{"cameraMode":{"drawMode":0,"name":"Shaded","section":"Shading Mode"},"sceneLighting":true,"audioPlay":false,"sceneViewState":{"m_AlwaysRefresh":false,"showFog":true,"showSkybox":true,"showFlares":true,"showImageEffects":true,"showParticleSystems":true,"showVisualEffectGraphs":true,"m_FxEnabled":true},"in2DMode":false,"pivot":{"x":-11.935100555419922,"y":1.854189157485962,"z":42.787437438964847},"rotation":{"x":0.1268526166677475,"y":-0.6919949054718018,"z":0.12549354135990144,"w":0.6995059251785278},"size":1.4226231575012208,"orthographic":true}