{"cameraMode":{"drawMode":0,"name":"Shaded","section":"Shading Mode"},"sceneLighting":false,"audioPlay":false,"sceneViewState":{"m_AlwaysRefresh":false,"showFog":true,"showSkybox":false,"showFlares":true,"showImageEffects":true,"showParticleSystems":true,"showVisualEffectGraphs":true,"m_FxEnabled":true},"in2DMode":false,"pivot":{"x":-0.4645596444606781,"y":0.31962448358535769,"z":0.016932010650634767},"rotation":{"x":-0.0009424322051927447,"y":0.9972686767578125,"z":-0.012864245101809502,"w":-0.07281840592622757},"size":0.5437423586845398,"orthographic":false}