{"cameraMode":{"drawMode":0,"name":"Shaded","section":"Shading Mode"},"sceneLighting":false,"audioPlay":false,"sceneViewState":{"m_AlwaysRefresh":false,"showFog":true,"showSkybox":false,"showFlares":true,"showImageEffects":true,"showParticleSystems":true,"showVisualEffectGraphs":true,"m_FxEnabled":true},"in2DMode":false,"pivot":{"x":-1.4645596742630005,"y":0.31962448358535769,"z":0.016931980848312379},"rotation":{"x":-0.006322096101939678,"y":0.988181471824646,"z":-0.04241757467389107,"w":-0.1472153216600418},"size":0.5437424182891846,"orthographic":false}