{"cameraMode":{"drawMode":0,"name":"Shaded","section":"Shading Mode"},"sceneLighting":false,"audioPlay":false,"sceneViewState":{"m_AlwaysRefresh":false,"showFog":true,"showSkybox":false,"showFlares":true,"showImageEffects":true,"showParticleSystems":true,"showVisualEffectGraphs":true,"m_FxEnabled":true},"in2DMode":false,"pivot":{"x":0.0005772039294242859,"y":-0.0028538438491523268,"z":-0.00035566091537475586},"rotation":{"x":0.12789517641067506,"y":-0.5674511194229126,"z":0.08977138996124268,"w":0.8084495663642883},"size":0.06694973260164261,"orthographic":true}