{"cameraMode":{"drawMode":0,"name":"Shaded","section":"Shading Mode"},"sceneLighting":false,"audioPlay":false,"sceneViewState":{"m_AlwaysRefresh":false,"showFog":true,"showSkybox":false,"showFlares":true,"showImageEffects":true,"showParticleSystems":true,"showVisualEffectGraphs":true,"m_FxEnabled":true},"in2DMode":false,"pivot":{"x":-61.319000244140628,"y":7.489999771118164,"z":19.149999618530275},"rotation":{"x":0.42845553159713747,"y":0.04604845121502876,"z":-0.021869542077183725,"w":0.9021281599998474},"size":0.2629639208316803,"orthographic":true}